id;char;name_en;kind;rarity_ru;file;date;name_ru
1728;Ёити Асакава;Bloody Yoichi Asakawa;набор одежды;редкий;S30_outfit_01_P01.png;12.06.2018;
1105;Аврора;Aurora Stardotter;набор одежды;обычный;S054_outfit_01.png;12.06.2018;
1106;Аврора;Bloody Aurora;набор одежды;редкий;S054_outfit_01_P01.png;12.06.2018;
1107;Аврора;Duskenstar;набор одежды;обычный;S054_outfit_01_CV01.png;25.08.2026;
1108;Аврора;Verdantstar;набор одежды;обычный;S054_outfit_01_CV02.png;25.08.2026;
1109;Аврора;Gloamstar;набор одежды;обычный;S054_outfit_01_CV03.png;25.08.2026;
1110;Аврора;Bloodstar;набор одежды;обычный;S054_outfit_01_CV04.png;25.08.2026;
1111;Аврора;Unblinded;набор одежды;необычный;S054_outfit_01_01.png;25.08.2026;
1112;Аврора;Unburdened;набор одежды;необычный;S054_outfit_01_02.png;25.08.2026;
1113;Аврора;Unyielding;набор одежды;необычный;S054_outfit_01_03.png;25.08.2026;
2075;Аврора;Bringer Of Shadow;набор одежды;очень редкий;S054_outfit_006.png;25.08.2026;
2076;Аврора;Wielder Of Starlight;набор одежды;очень редкий;S054_outfit_006_01.png;25.08.2026;
2077;Аврора;Judgment's Bane;набор одежды;редкий;S054_outfit_02.png;25.08.2026;
2078;Аврора;Judgment's Reckoning;набор одежды;редкий;S054_outfit_02_01.png;25.08.2026;
1760;Ада Вонг;Bloody Ada Wong;набор одежды;редкий;S32_outfit_01_P01.png;12.06.2018;
10;Адам Фрэнсис;Queen's Ball Attire;набор одежды;очень редкий;HS_outfit_032.png;28.04.2026;
1325;Адам Фрэнсис;Through Havoc;набор одежды;очень редкий;HS_outfit_025.png;17.10.2024;
1327;Адам Фрэнсис;Adam Francis;набор одежды;обычный;HS_outfit_01.png;12.06.2018;
1328;Адам Фрэнсис;Bloody Adam Francis;набор одежды;редкий;HS_outfit_01_P01.png;12.06.2018;
1337;Адам Фрэнсис;Autumn Seminar;набор одежды;необычный;Adam_outfit_002.png;18.09.2018;
1338;Адам Фрэнсис;Back to School;набор одежды;необычный;Adam_outfit_003.png;18.09.2018;
1339;Адам Фрэнсис;Teacher Colloquium;набор одежды;необычный;Adam_outfit_004.png;18.09.2018;
1340;Адам Фрэнсис;Casual Authority;набор одежды;обычный;Adam_outfit_005.png;18.09.2018;
1341;Адам Фрэнсис;Casual Authority;набор одежды;обычный;Adam_outfit_006.png;18.09.2018;
1342;Адам Фрэнсис;Casual Authority;набор одежды;обычный;Adam_outfit_007.png;18.09.2018;
1343;Адам Фрэнсис;Casual Authority;набор одежды;обычный;Adam_outfit_008.png;18.09.2018;
1344;Адам Фрэнсис;Casual Authority;набор одежды;обычный;Adam_outfit_009.png;18.09.2018;
10037;Адам Фрэнсис;Wamai;скин персонажа;очень редкий;CC037_charSelect_portrait.png;;
1897;Алан Уэйк;Alan Wake;набор одежды;обычный;S40_outfit_01.png;12.06.2018;
1899;Алан Уэйк;Saga Anderson;набор одежды;легендарный;S40_outfit_006.png;30.01.2024;
1901;Алан Уэйк;Alan Wake Classic;набор одежды;очень редкий;S40_outfit_008.png;30.01.2024;
10047;Алан Уэйк;Saga Anderson;скин персонажа;легендарный;CC047_charSelect_portrait.png;;
10049;Алан Уэйк;Mr Scratch;скин персонажа;очень редкий;CC049_charSelect_portrait.png;;
828;Аниматроник;The Animatronic;набор одежды;обычный;K40_outfit_01.png;12.06.2018;
829;Аниматроник;Bloody Animatronic;набор одежды;редкий;K40_outfit_01_P01.png;12.06.2018;
1929;Аэстри Язар;Masquerade Musician;набор одежды;очень редкий;S42_outfit_011.png;25.06.2026;
1931;Аэстри Язар;Bloody Baermar Uraz;набор одежды;редкий;S42_outfit_01_P01.png;12.06.2018;
1933;Аэстри Язар;Bloody Aestri Yazar;набор одежды;редкий;S42_outfit_02_P01.png;12.06.2018;
571;Близнецы;The Twins;набор одежды;обычный;K22_outfit_01.png;12.06.2018;
572;Близнецы;Bloody Twins;набор одежды;редкий;K22_outfit_01_P01.png;12.06.2018;
577;Близнецы;From the Wastes;набор одежды;необычный;K22_outfit_01_01.png;01.12.2020;
578;Близнецы;From the Gutters;набор одежды;необычный;K22_outfit_01_02.png;01.12.2020;
579;Близнецы;From the Ruins;набор одежды;необычный;K22_outfit_01_03.png;01.12.2020;
580;Близнецы;Eternal Anguish;набор одежды;редкий;K22_outfit_02.png;01.12.2020;
581;Близнецы;Eternal Sorrow;набор одежды;редкий;K22_outfit_02_01.png;01.12.2020;
582;Близнецы;Blood & Guts;набор одежды;очень редкий;K22_outfit_006.png;01.12.2020;
10079;Близнецы;Kinkao & Minkao Hikizuri;скин персонажа;очень редкий;;;
215;Ведьма;Red Sap;набор одежды;необычный;Witch_outfit_010.png;18.09.2018;
216;Ведьма;Birch Twigs;набор одежды;необычный;Witch_outfit_011.png;18.09.2018;
218;Ведьма;The Hag;набор одежды;обычный;HA_outfit_01.png;12.06.2018;
219;Ведьма;Bloody Hag;набор одежды;редкий;HA_outfit_01_P01.png;12.06.2018;
224;Ведьма;Swamp Creature;набор одежды;очень редкий;WI_outfit_011.png;18.10.2023;
228;Ведьма;Bile Beldam;набор одежды;очень редкий;WI_outfit_03_01.png;12.06.2018;
10002;Ведьма;Birch;скин персонажа;очень редкий;CC002_charSelect_portrait.png;;
2017;Ви Бунясак;Periwinkle Percussionist;набор одежды;обычный;S49_outfit_01_CV01.png;23.09.2025;
2018;Ви Бунясак;Poppy Percussionist;набор одежды;обычный;S49_outfit_01_CV02.png;23.09.2025;
2019;Ви Бунясак;Purple Percussionist;набор одежды;обычный;S49_outfit_01_CV03.png;23.09.2025;
2020;Ви Бунясак;Pistachio Percussionist;набор одежды;обычный;S49_outfit_01_CV04.png;23.09.2025;
2029;Ви Бунясак;Tan Session;набор одежды;очень редкий;S49_outfit_012.png;28.07.2026;
2030;Ви Бунясак;Vee Boonyasak;набор одежды;обычный;S49_outfit_01.png;12.06.2018;
2031;Ви Бунясак;Bloody Vee;набор одежды;редкий;S49_outfit_01_P01.png;12.06.2018;
1770;Витторио Тоскано;Sanguine Traveler;набор одежды;очень редкий;S34_outfit_021.png;07.04.2025;
1776;Витторио Тоскано;Vittorio Toscano;набор одежды;обычный;S34_outfit_01.png;12.06.2018;
1777;Витторио Тоскано;Bloody Vittorio Toscano;набор одежды;редкий;S34_outfit_01_P01.png;12.06.2018;
1787;Витторио Тоскано;Fog Wanderer;набор одежды;обычный;S34_outfit_01_CV01.png;22.11.2022;
1788;Витторио Тоскано;Fog Navigator;набор одежды;обычный;S34_outfit_01_CV02.png;22.11.2022;
1789;Витторио Тоскано;Fog Traveler;набор одежды;обычный;S34_outfit_01_CV03.png;22.11.2022;
1790;Витторио Тоскано;Fog Expeditioner;набор одежды;обычный;S34_outfit_01_CV04.png;22.11.2022;
2081;Витторио Тоскано;Dawn Anew;набор одежды;очень редкий;S34_outfit_027.png;22.09.2026;
10101;Витторио Тоскано;Leper;скин персонажа;очень редкий;CC101_charSelect_portrait.png;;
1860;Габриэль Сома;Holiday Memories;набор одежды;очень редкий;S37_outfit_024.png;09.12.2025;
1862;Габриэль Сома;Gabriel Soma;набор одежды;обычный;S37_outfit_01.png;12.06.2018;
1863;Габриэль Сома;Bloody Gabriel Soma;набор одежды;редкий;S37_outfit_01_P01.png;12.06.2018;
1872;Габриэль Сома;Loyal Crewmember;набор одежды;обычный;S37_outfit_01_CV01.png;13.06.2023;
1873;Габриэль Сома;Kind Crewmember;набор одежды;обычный;S37_outfit_01_CV02.png;13.06.2023;
1874;Габриэль Сома;Adept Crewmember;набор одежды;обычный;S37_outfit_01_CV03.png;13.06.2023;
1875;Габриэль Сома;Honest Crewmember;набор одежды;обычный;S37_outfit_01_CV04.png;13.06.2023;
454;Гоуст Фейс;Ghost Face Santa;набор одежды;очень редкий;OK_outfit_017.png;09.12.2025;
467;Гоуст Фейс;Masquerade Ghost Face;набор одежды;очень редкий;OK_outfit_014.png;25.06.2026;
10108;Гоуст Фейс;Lilith;скин персонажа;легендарный;;;
672;Грязь;The Dredge;набор одежды;обычный;K28_outfit_01.png;12.06.2018;
673;Грязь;Bloody Dredge;набор одежды;редкий;K28_outfit_01_P01.png;12.06.2018;
675;Грязь;Masquerade Colors;набор одежды;очень редкий;K28_outfit_007.png;25.06.2026;
676;Грязь;Frosty the Nightmare;набор одежды;очень редкий;K28_outfit_008.png;19.12.2023;
685;Грязь;Eddie's Tribute;набор одежды;легендарный;K28_outfit_013.png;22.02.2024;
10032;Грязь;Eddie's Tribute;скин персонажа;легендарный;CC032_charSelect_portrait.png;;
819;Гуль;The Ghoul;набор одежды;обычный;K39_outfit_01.png;12.06.2018;
820;Гуль;Bloody Ghoul;набор одежды;редкий;K39_outfit_01_P01.png;12.06.2018;
2034;Дастин Хендерсон;Dustin Henderson;набор одежды;обычный;S50_outfit_01.png;12.06.2018;
2035;Дастин Хендерсон;Bloody Dustin Henderson;набор одежды;редкий;S50_outfit_01_P01.png;12.06.2018;
468;Демогоргон;The Demogorgon;набор одежды;обычный;QK_outfit_01.png;12.06.2018;
469;Демогоргон;Bloody Demogorgon;набор одежды;редкий;QK_outfit_01_P01.png;12.06.2018;
127;Деревенщина;Coldwind Farming;набор одежды;обычный;HillBilly_outfit_003.png;12.06.2018;
128;Деревенщина;Coldwind Farming;набор одежды;обычный;HillBilly_outfit_004.png;12.06.2018;
129;Деревенщина;Coldwind Farming;набор одежды;обычный;HillBilly_outfit_005.png;12.06.2018;
130;Деревенщина;Coldwind Farming;набор одежды;обычный;HillBilly_outfit_006.png;12.06.2018;
131;Деревенщина;Coldwind Farming;набор одежды;обычный;HillBilly_outfit_007.png;12.06.2018;
132;Деревенщина;Unwanted Child;набор одежды;необычный;HillBilly_outfit_008.png;18.09.2018;
133;Деревенщина;Another Mouth to Feed;набор одежды;необычный;HillBilly_outfit_009.png;18.09.2018;
137;Деревенщина;The Hillbilly;набор одежды;обычный;Hillbilly_outfit_01.png;12.06.2018;
138;Деревенщина;Bloody Hillbilly;набор одежды;редкий;Hillbilly_outfit_01_P01.png;12.06.2018;
148;Деревенщина;Masquerade Chainsaw;набор одежды;очень редкий;TC_outfit_015.png;25.06.2026;
1269;Детектив Тэпп;David Tapp;набор одежды;обычный;FS_outfit_01.png;12.06.2018;
1270;Детектив Тэпп;Bloody David Tapp;набор одежды;редкий;FS_outfit_01_P01.png;12.06.2018;
1016;Джейк Парк;Woodland Wanderer;набор одежды;очень редкий;JP_outfit_033.png;26.03.2026;
1033;Джейк Парк;Jake Park;набор одежды;обычный;J_outfit_01.png;12.06.2018;
1034;Джейк Парк;Bloody Jake Park;набор одежды;редкий;J_outfit_01_P01.png;12.06.2018;
1046;Джейк Парк;Surf Survivor;набор одежды;очень редкий;JP_outfit_017.png;07.06.2022;
1048;Джейк Парк;Lucky Stroll;набор одежды;очень редкий;JP_outfit_019.png;06.08.2024;
1051;Джейк Парк;Wolfy Jake;набор одежды;очень редкий;JP_outfit_021.png;18.10.2023;
10044;Джейк Парк;Levi Ackerman;скин персонажа;очень редкий;CC044_charSelect_portrait.png;;
1399;Джейн Ромеро;Jane Romero;набор одежды;обычный;MS_outfit_01.png;12.06.2018;
1400;Джейн Ромеро;Bloody Jane Romero;набор одежды;редкий;MS_outfit_01_P01.png;12.06.2018;
1402;Джейн Ромеро;"\""Jane's favorite books.\""";набор одежды;обычный;Jane_outfit_CV01.png;19.03.2019;
1403;Джейн Ромеро;"\""You can do it… here's how.\""";набор одежды;обычный;Jane_outfit_CV02.png;19.03.2019;
1404;Джейн Ромеро;"\""Making dreams come true.\""";набор одежды;обычный;Jane_outfit_CV03.png;19.03.2019;
1405;Джейн Ромеро;"\""Medical advice, with Dr. Roy.\""";набор одежды;обычный;Jane_outfit_CV04.png;19.03.2019;
1424;Джейн Ромеро;Well-Deserved Holidays;набор одежды;очень редкий;MS_outfit_019.png;12.06.2018;
1365;Джефф Йохансен;Jeff Johansen;набор одежды;обычный;KS_outfit_01.png;12.06.2018;
1366;Джефф Йохансен;Bloody Jeff Johansen;набор одежды;редкий;KS_outfit_01_P01.png;12.06.2018;
1370;Джефф Йохансен;Rogue Illustrator;набор одежды;обычный;Jeff_outfit_CV01.png;11.12.2018;
1371;Джефф Йохансен;Edgy Oil Painter;набор одежды;обычный;Jeff_outfit_CV02.png;11.12.2018;
1372;Джефф Йохансен;Rugged Digital Artist;набор одежды;обычный;Jeff_outfit_CV03.png;11.12.2018;
1373;Джефф Йохансен;Bohemian Sketcher;набор одежды;обычный;Jeff_outfit_CV04.png;11.12.2018;
1374;Джефф Йохансен;Ex-Roadie for The Rememberers;набор одежды;необычный;Jeff_outfit_01_02.png;11.12.2018;
1375;Джефф Йохансен;Roadie for The Great Winter;набор одежды;необычный;Jeff_outfit_01_03.png;11.12.2018;
1376;Джефф Йохансен;Ex-Roadie for Infinite DeathCycle;набор одежды;необычный;Jeff_outfit_01_04.png;11.12.2018;
1394;Джефф Йохансен;Holiday Concert;набор одежды;очень редкий;KS_outfit_020.png;17.12.2024;
1650;Джилл Валентайн;Bloody Jill Valentine;набор одежды;редкий;S26_outfit_01_P01.png;12.06.2018;
233;Доктор;Blood Shock;набор одежды;очень редкий;DO_outfit_020.png;18.03.2024;
238;Доктор;Dearest Herman;набор одежды;очень редкий;DO_outfit_028.png;25.06.2026;
239;Доктор;The Doctor;набор одежды;обычный;DO_outfit_01.png;12.06.2018;
240;Доктор;Bloody Doctor;набор одежды;редкий;DO_outfit_01_P01.png;12.06.2018;
245;Доктор;Neuroscientist;набор одежды;обычный;Killer07_outfit_005.png;12.06.2018;
246;Доктор;Neuroscientist;набор одежды;обычный;Killer07_outfit_006.png;12.06.2018;
247;Доктор;Neuroscientist;набор одежды;обычный;Killer07_outfit_007.png;12.06.2018;
248;Доктор;Neuroscientist;набор одежды;обычный;Killer07_outfit_008.png;12.06.2018;
249;Доктор;Neuroscientist;набор одежды;обычный;Killer07_outfit_009.png;12.06.2018;
250;Доктор;Neuroscientist;набор одежды;обычный;Killer07_outfit_010.png;12.06.2018;
251;Доктор;Secret Weapon;набор одежды;необычный;Killer07_outfit_011.png;18.09.2018;
252;Доктор;Reformed Ally;набор одежды;необычный;Killer07_outfit_012.png;18.09.2018;
261;Доктор;The Transplant;набор одежды;очень редкий;DO_outfit_013.png;11.10.2022;
267;Доктор;Pharaoh Eddie;набор одежды;легендарный;DO_outfit_019.png;22.02.2024;
10030;Доктор;Pharaoh Eddie;скин персонажа;легендарный;CC030_charSelect_portrait.png;;
858;Дуайт Фэйрфилд;Dearest Dwight;набор одежды;очень редкий;DF_outfit_040.png;25.06.2026;
876;Дуайт Фэйрфилд;Dwight Fairfield;набор одежды;обычный;D_outfit_01.png;12.06.2018;
877;Дуайт Фэйрфилд;Bloody Dwight Fairfield;набор одежды;редкий;D_outfit_01_P01.png;12.06.2018;
895;Дуайт Фэйрфилд;Dwight Unknown;набор одежды;очень редкий;DF_outfit_021.png;11.10.2022;
10040;Дуайт Фэйрфилд;Eren Yeager;скин персонажа;очень редкий;CC040_charSelect_portrait.png;;
10109;Дуайт Фэйрфилд;Scooby-Doo;скин персонажа;очень редкий;;;
345;Дух;Sliced To Ribbons;набор одежды;очень редкий;HK_outfit_027.png;26.03.2026;
346;Дух;The Spirit;набор одежды;обычный;HK_outfit_01.png;12.06.2018;
10057;Дух;Tomie Kawakami;скин персонажа;легендарный;CC057_charSelect_portrait.png;;
10111;Дух;Bubble Head Nurse;скин персонажа;легендарный;;;
1227;Дэвид Кинг;David King;набор одежды;обычный;DK_outfit_01.png;12.06.2018;
1228;Дэвид Кинг;Bloody David King;набор одежды;редкий;DK_outfit_01_P01.png;12.06.2018;
1234;Дэвид Кинг;Masquerade King;набор одежды;очень редкий;DK_outfit_030.png;25.06.2026;
1245;Дэвид Кинг;Mancunian Fighter;набор одежды;обычный;Smoke_outfit_010.png;12.06.2018;
1246;Дэвид Кинг;Mancunian Fighter;набор одежды;обычный;Smoke_outfit_011.png;12.06.2018;
1247;Дэвид Кинг;Mancunian Fighter;набор одежды;обычный;Smoke_outfit_012.png;12.06.2018;
1248;Дэвид Кинг;Mancunian Fighter;набор одежды;обычный;Smoke_outfit_013.png;12.06.2018;
1249;Дэвид Кинг;Mancunian Fighter;набор одежды;обычный;Smoke_outfit_014.png;12.06.2018;
1261;Дэвид Кинг;Makeshift Nutcracker;набор одежды;очень редкий;DK_outfit_017.png;19.12.2023;
1263;Дэвид Кинг;Forgotten Hollow;набор одежды;очень редкий;DK_outfit_019.png;18.10.2023;
1264;Дэвид Кинг;Mancunian Fighter (5th Anniversary);набор одежды;необычный;DK_outfit_01_02.png;30.06.2021;
10100;Дэвид Кинг;Highwayman;скин персонажа;очень редкий;CC100_charSelect_portrait.png;;
805;Егерь;Captain In Exile;набор одежды;очень редкий;K38_outfit_007.png;07.04.2025;
807;Егерь;The Houndmaster;набор одежды;обычный;K38_outfit_01.png;12.06.2018;
808;Егерь;Bloody Houndmaster;набор одежды;редкий;K38_outfit_01_P01.png;12.06.2018;
1490;Зарина Кассир;Disarray Inquiry;набор одежды;очень редкий;US_outfit_025.png;17.10.2024;
1497;Зарина Кассир;Zarina Kassir;набор одежды;обычный;US_outfit_01.png;12.06.2018;
1498;Зарина Кассир;Bloody Zarina Kassir;набор одежды;редкий;US_outfit_01_P01.png;12.06.2018;
1517;Зарина Кассир;Undercover Reporter;набор одежды;обычный;US_outfit_01_CV01.png;10.03.2020;
1518;Зарина Кассир;Watchdog Reporter;набор одежды;обычный;US_outfit_01_CV02.png;10.03.2020;
1519;Зарина Кассир;Opinion Sampler;набор одежды;обычный;US_outfit_01_CV03.png;10.03.2020;
1520;Зарина Кассир;Corruption Reporter;набор одежды;обычный;US_outfit_01_CV04.png;10.03.2020;
10041;Зарина Кассир;Hange Zoë;скин персонажа;очень редкий;CC041_charSelect_portrait.png;;
10102;Зарина Кассир;Plague Doctor;скин персонажа;очень редкий;CC102_charSelect_portrait.png;;
297;Каннибал;The Cannibal;набор одежды;обычный;CA_outfit_01.png;12.06.2018;
298;Каннибал;Bloody Cannibal;набор одежды;редкий;CA_outfit_01_P01.png;12.06.2018;
1268;Квентин Смит;Bloody Quentin Smith;набор одежды;редкий;QS_outfit_01_P01.png;12.06.2018;
2040;Квон Тхэён;Work Passion;набор одежды;обычный;S52_outfit_01_CV01.png;17.03.2026;
2041;Квон Тхэён;Work Ethic;набор одежды;обычный;S52_outfit_01_CV02.png;17.03.2026;
2042;Квон Тхэён;Work First;набор одежды;обычный;S52_outfit_01_CV03.png;17.03.2026;
2043;Квон Тхэён;Work Process;набор одежды;обычный;S52_outfit_01_CV04.png;17.03.2026;
2051;Квон Тхэён;Kwon Tae-young;набор одежды;обычный;S52_outfit_01.png;12.06.2018;
2052;Квон Тхэён;Bloody Kwon Tae-young;набор одежды;редкий;S52_outfit_01_P01.png;12.06.2018;
2083;Квон Тхэён;Touch Sand;набор одежды;очень редкий;S52_outfit_008.png;28.07.2026;
1278;Кейт Денсон;Broken Heart;набор одежды;очень редкий;GS_outfit_033.png;17.10.2024;
1280;Кейт Денсон;Kate Denson;набор одежды;обычный;GS_outfit_01.png;12.06.2018;
1281;Кейт Денсон;Bloody Kate Denson;набор одежды;редкий;GS_outfit_01_P01.png;12.06.2018;
1285;Кейт Денсон;Dearest Kate;набор одежды;очень редкий;GS_outfit_040.png;25.06.2026;
1293;Кейт Денсон;Struggling Songwriter;набор одежды;обычный;Kate_outfit_005.png;12.06.2018;
1294;Кейт Денсон;Struggling Songwriter;набор одежды;обычный;Kate_outfit_006.png;12.06.2018;
1295;Кейт Денсон;Struggling Songwriter;набор одежды;обычный;Kate_outfit_007.png;12.06.2018;
1296;Кейт Денсон;Struggling Songwriter;набор одежды;обычный;Kate_outfit_008.png;12.06.2018;
1297;Кейт Денсон;Struggling Songwriter;набор одежды;обычный;Kate_outfit_009.png;12.06.2018;
1315;Кейт Денсон;Cornfield Scarecrow;набор одежды;очень редкий;GS_outfit_021.png;18.10.2023;
10042;Кейт Денсон;Historia Reiss;скин персонажа;очень редкий;CC042_charSelect_portrait.png;;
10073;Кейт Денсон;Maria Renard;скин персонажа;очень редкий;;;
10081;Кейт Денсон;Marionette;скин персонажа;очень редкий;;;
10086;Кейт Денсон;Yennefer of Vengerberg;скин персонажа;очень редкий;CC086_charSelect_portrait.png;;
959;Клодетт Морель;Bloody Botany;набор одежды;очень редкий;CM_outfit_030.png;07.04.2025;
966;Клодетт Морель;Dearest Claudette;набор одежды;очень редкий;CM_outfit_036.png;25.06.2026;
985;Клодетт Морель;Claudette Morel;набор одежды;обычный;C_outfit_01.png;12.06.2018;
986;Клодетт Морель;Bloody Claudette Morel;набор одежды;редкий;C_outfit_01_P01.png;12.06.2018;
999;Клодетт Морель;Science Kit (4th Anniversary);набор одежды;обычный;CM_outfit_01_CV08.png;12.06.2018;
1006;Клодетт Морель;Fae Claudette;набор одежды;очень редкий;CM_outfit_025.png;18.10.2023;
315;Клоун;The Clown;набор одежды;обычный;GK_outfit_01.png;12.06.2018;
316;Клоун;Bloody Clown;набор одежды;редкий;GK_outfit_01_P01.png;12.06.2018;
331;Клоун;Hot-Dog Cook;набор одежды;очень редкий;GK_outfit_015.png;06.08.2024;
301;Кошмар;The Nightmare;набор одежды;обычный;SD_outfit_01.png;12.06.2018;
302;Кошмар;Bloody Nightmare;набор одежды;редкий;SD_outfit_01_P01.png;12.06.2018;
830;Красу;Dazzling Audition;набор одежды;обычный;K41_outfit_01_CV01.png;23.09.2025;
831;Красу;Striking Audition;набор одежды;обычный;K41_outfit_01_CV02.png;23.09.2025;
832;Красу;Radiant Audition;набор одежды;обычный;K41_outfit_01_CV03.png;23.09.2025;
833;Красу;Glamorous Audition;набор одежды;обычный;K41_outfit_01_CV04.png;23.09.2025;
840;Красу;Ice Queen;набор одежды;очень редкий;K41_outfit_008.png;09.12.2025;
841;Красу;The Krasue;набор одежды;обычный;K41_outfit_01.png;12.06.2018;
842;Красу;Bloody Krasue;набор одежды;редкий;K41_outfit_01_P01.png;12.06.2018;
2072;Красу;Force Of Nature;набор одежды;очень редкий;K41_outfit_009.png;26.05.2026;
2070;Ксеноморф;Xenomorph King;набор одежды;легендарный;K33_outfit_013.png;08.09.2026;
10107;Ксеноморф;Xenomorph King;скин персонажа;легендарный;CC107_charSelect_portrait.png;;
687;Кукловод;The Mastermind;набор одежды;обычный;K29_outfit_01.png;12.06.2018;
382;Легион;Dearest Julie;набор одежды;очень редкий;KK_outfit_041.png;25.06.2026;
383;Легион;The Legion (Frank);набор одежды;обычный;KK_outfit_01.png;12.06.2018;
385;Легион;The Legion (Julie);набор одежды;обычный;KK_outfit_02.png;12.06.2018;
402;Легион;Lost Mascot (Frank);набор одежды;очень редкий;KK_outfit_016.png;16.06.2020;
403;Легион;Lost Mascot (Julie);набор одежды;очень редкий;KK_outfit_016_01.png;16.06.2020;
404;Легион;Lost Mascot (Joey);набор одежды;очень редкий;KK_outfit_016_02.png;16.06.2020;
405;Легион;Lost Mascot (Susie);набор одежды;очень редкий;KK_outfit_016_03.png;16.06.2020;
10092;Легион;Robbie The Rabbit;скин персонажа;очень редкий;;;
1658;Леон С. Кеннеди;Bloody Leon S. Kennedy;набор одежды;редкий;S27_outfit_01_P01.png;12.06.2018;
1612;Ли Юнчин;Lee Yun-jin;набор одежды;обычный;S25_outfit_01.png;12.06.2018;
1615;Ли Юнчин;Danse Macabre Cameo;набор одежды;очень редкий;S25_outfit_027.png;14.10.2025;
1636;Ли Юнчин;Catching Figure;набор одежды;очень редкий;S25_outfit_019.png;18.10.2023;
1640;Ли Юнчин;Sinsa-dong Press Conference;набор одежды;обычный;S25_outfit_01_CV01.png;30.03.2021;
1641;Ли Юнчин;Apgujeong-dong Press Conference;набор одежды;обычный;S25_outfit_01_CV02.png;30.03.2021;
1642;Ли Юнчин;Myeong-dong Press Conference;набор одежды;обычный;S25_outfit_01_CV03.png;30.03.2021;
1643;Ли Юнчин;Cheongdam-dong Press Conference;набор одежды;обычный;S25_outfit_01_CV04.png;30.03.2021;
10080;Ли Юнчин;Terumi Fujino;скин персонажа;очень редкий;;;
794;Лич;Masquerade Lich;набор одежды;очень редкий;K36_outfit_008.png;25.06.2026;
795;Лич;The Lich;набор одежды;обычный;K36_outfit_01.png;12.06.2018;
1114;Лори Строуд;Laurie Strode;набор одежды;обычный;LS_outfit_01.png;12.06.2018;
1115;Лори Строуд;Bloody Laurie Strode;набор одежды;редкий;LS_outfit_01_P01.png;12.06.2018;
167;Медсестра;On Probation;набор одежды;обычный;Nurse_outfit_006.png;12.06.2018;
168;Медсестра;On Probation;набор одежды;обычный;Nurse_outfit_007.png;12.06.2018;
169;Медсестра;On Probation;набор одежды;обычный;Nurse_outfit_008.png;12.06.2018;
170;Медсестра;On Probation;набор одежды;обычный;Nurse_outfit_009.png;12.06.2018;
171;Медсестра;On Probation;набор одежды;обычный;Nurse_outfit_010.png;12.06.2018;
172;Медсестра;Bad News;набор одежды;необычный;Nurse_outfit_011.png;18.09.2018;
173;Медсестра;Tainted Anniversary;набор одежды;необычный;Nurse_outfit_012.png;18.09.2018;
176;Медсестра;The Nurse;набор одежды;обычный;Nurse_outfit_01.png;12.06.2018;
177;Медсестра;Bloody Nurse;набор одежды;редкий;Nurse_outfit_01_P01.png;12.06.2018;
10077;Медсестра;Death;скин персонажа;очень редкий;;;
10098;Медсестра;Collector;скин персонажа;очень редкий;CC098_charSelect_portrait.png;;
11;Микаэла Рид;Queen's Ball Attire;набор одежды;очень редкий;S28_outfit_034.png;28.04.2026;
1663;Микаэла Рид;Blood Magic;набор одежды;очень редкий;S28_outfit_023.png;18.03.2024;
1669;Микаэла Рид;Fiery Cat;набор одежды;очень редкий;S28_outfit_028.png;17.10.2024;
1677;Микаэла Рид;Mikaela Reid;набор одежды;обычный;S28_outfit_01.png;12.06.2018;
1678;Микаэла Рид;Bloody Mikaela Reid;набор одежды;редкий;S28_outfit_01_P01.png;12.06.2018;
1680;Микаэла Рид;Witching Hour;набор одежды;очень редкий;S28_outfit_007.png;11.10.2022;
1695;Микаэла Рид;Love Spell;набор одежды;обычный;S28_outfit_01_CV01.png;19.10.2021;
1696;Микаэла Рид;Good Luck Spell;набор одежды;обычный;S28_outfit_01_CV02.png;19.10.2021;
1697;Микаэла Рид;Sleep Well Spell;набор одежды;обычный;S28_outfit_01_CV03.png;19.10.2021;
1698;Микаэла Рид;Energy Boost Spell;набор одежды;обычный;S28_outfit_01_CV04.png;19.10.2021;
2079;Микаэла Рид;Sister Sorceress;набор одежды;очень редкий;S28_outfit_035.png;15.09.2026;
10074;Микаэла Рид;Sypha Belnades;скин персонажа;очень редкий;;;
10088;Микаэла Рид;Triss Merigold;скин персонажа;очень редкий;;;
2015;Мишон Граймс;Michonne Grimes;набор одежды;обычный;S48_outfit_01.png;12.06.2018;
2016;Мишон Граймс;Bloody Michonne;набор одежды;редкий;S48_outfit_01_P01.png;12.06.2018;
545;Мор;Bad Transfusion;набор одежды;вознесённый;K21_outfit_022.png;26.03.2026;
546;Мор;The Blight;набор одежды;обычный;K21_outfit_01.png;12.06.2018;
10006;Мор;Ferryman;скин персонажа;крайне редкий;CC006_charSelect_portrait.png;;
10103;Мор;Prophet;скин персонажа;очень редкий;CC103_charSelect_portrait.png;;
914;Мэг Томас;Forty-Love;набор одежды;редкий;Meg_outfit_007.png;26.06.2018;
915;Мэг Томас;Grand Slammer;набор одежды;редкий;Meg_outfit_008.png;26.06.2018;
916;Мэг Томас;Racket Scientist;набор одежды;редкий;Meg_outfit_009.png;26.06.2018;
920;Мэг Томас;Fortune Teller;набор одежды;очень редкий;Meg_outfit_013.png;09.08.2019;
929;Мэг Томас;Meg Thomas;набор одежды;обычный;M_outfit_01.png;12.06.2018;
930;Мэг Томас;Bloody Meg Thomas;набор одежды;редкий;M_outfit_01_P01.png;12.06.2018;
943;Мэг Томас;Cycle Courier;набор одежды;очень редкий;MT_outfit_018.png;12.06.2018;
949;Мэг Томас;Pentekath's Suit;набор одежды;очень редкий;MT_outfit_022.png;12.06.2018;
953;Мэг Томас;Candy Night;набор одежды;очень редкий;MT_outfit_027.png;18.10.2023;
956;Мэг Томас;Violet Flair;набор одежды;очень редкий;MT_outfit_004_04.png;12.06.2018;
2074;Мэг Томас;As It Falls;набор одежды;очень редкий;MT_outfit_037.png;22.09.2026;
10038;Мэг Томас;Annie Leonhart;скин персонажа;очень редкий;CC038_charSelect_portrait.png;;
10099;Мэг Томас;Hellion;скин персонажа;очень редкий;CC099_charSelect_portrait.png;;
775;Неведомое;The Unknown;набор одежды;обычный;K35_outfit_01.png;12.06.2018;
781;Неведомое;Time For Office;набор одежды;обычный;K35_outfit_01_CV01.png;12.03.2024;
782;Неведомое;Time For the Big Game;набор одежды;обычный;K35_outfit_01_CV02.png;12.03.2024;
783;Неведомое;Time For Barbecue;набор одежды;обычный;K35_outfit_01_CV03.png;12.03.2024;
784;Неведомое;Time For Funeral;набор одежды;обычный;K35_outfit_01_CV04.png;12.03.2024;
787;Неведомое;Masquerade Obscure;набор одежды;очень редкий;K35_outfit_008.png;25.06.2026;
2071;Неведомое;Sister Sunshine;набор одежды;очень редкий;K35_outfit_019.png;15.09.2026;
627;Немезис;The Nemesis;набор одежды;обычный;K24_outfit_01.png;12.06.2018;
1057;Нея Карлссон;Slippery Slope;набор одежды;очень редкий;NK_outfit_033.png;12.12.2024;
1074;Нея Карлссон;Tagging Vandal;набор одежды;обычный;Nea_outfit_011.png;12.06.2018;
1075;Нея Карлссон;Tagging Vandal;набор одежды;обычный;Nea_outfit_012.png;12.06.2018;
1076;Нея Карлссон;Tagging Vandal;набор одежды;обычный;Nea_outfit_013.png;12.06.2018;
1077;Нея Карлссон;Tagging Vandal;набор одежды;обычный;Nea_outfit_014.png;12.06.2018;
1078;Нея Карлссон;Tagging Vandal;набор одежды;обычный;Nea_outfit_015.png;12.06.2018;
1081;Нея Карлссон;Nea Karlsson;набор одежды;обычный;N_outfit_01.png;12.06.2018;
1082;Нея Карлссон;Bloody Nea Karlsson;набор одежды;редкий;N_outfit_01_P01.png;12.06.2018;
1100;Нея Карлссон;Masquerade Shadow;набор одежды;очень редкий;NK_outfit_024.png;25.06.2026;
10084;Нея Карлссон;Eto Yoshimura;скин персонажа;очень редкий;;;
1878;Николас Кейдж;Masquerade Actor;набор одежды;очень редкий;S38_outfit_013.png;25.06.2026;
1883;Николас Кейдж;Bloody Nicolas Cage;набор одежды;редкий;S38_outfit_01_P01.png;12.06.2018;
1444;Нэнси Уиллер;Nancy Wheeler;набор одежды;обычный;QF_outfit_01.png;12.06.2018;
1445;Нэнси Уиллер;Bloody Nancy Wheeler;набор одежды;редкий;QF_outfit_01_P01.png;12.06.2018;
2038;Одиннадцать;Eleven;набор одежды;обычный;S51_outfit_01.png;12.06.2018;
2039;Одиннадцать;Bloody Eleven;набор одежды;редкий;S51_outfit_01_P01.png;12.06.2018;
473;Они;Red Mist;набор одежды;очень редкий;SwedenKiller_outfit_021.png;18.03.2024;
478;Они;The Oni;набор одежды;обычный;SwedenKiller_outfit_01.png;12.06.2018;
479;Они;Bloody Oni;набор одежды;редкий;SwedenKiller_outfit_01_P01.png;12.06.2018;
504;Они;Samurai Eddie;набор одежды;легендарный;SwedenKiller_outfit_020.png;22.02.2024;
10018;Они;Armoured Titan;скин персонажа;крайне редкий;CC018_charSelect_portrait.png;;
10033;Они;Samurai Eddie;скин персонажа;легендарный;CC033_charSelect_portrait.png;;
659;Онрё;The Onryo;набор одежды;обычный;K27_outfit_01.png;12.06.2018;
660;Онрё;Bloody Onryo;набор одежды;редкий;K27_outfit_01_P01.png;12.06.2018;
1989;Орела Роуз;Seas of Green;набор одежды;обычный;S46_outfit_01_CV01.png;06.05.2025;
1990;Орела Роуз;Purple Mountains;набор одежды;обычный;S46_outfit_01_CV02.png;06.05.2025;
1991;Орела Роуз;Rosy Pathways;набор одежды;обычный;S46_outfit_01_CV03.png;06.05.2025;
1992;Орела Роуз;Violet Clouds;набор одежды;обычный;S46_outfit_01_CV04.png;06.05.2025;
1998;Орела Роуз;Giving Blood;набор одежды;очень редкий;S46_outfit_015.png;26.03.2026;
2002;Орела Роуз;Orela Rose;набор одежды;обычный;S46_outfit_01.png;12.06.2018;
2003;Орела Роуз;Bloody Orela;набор одежды;редкий;S46_outfit_01_P01.png;12.06.2018;
55;Охотник;Grim Punishment;набор одежды;очень редкий;TR_outfit_027.png;07.04.2025;
57;Охотник;Dearest Evan;набор одежды;очень редкий;TR_outfit_030.png;25.06.2026;
62;Охотник;Levee Builder;набор одежды;необычный;Chuckles_outfit_005.png;18.09.2018;
63;Охотник;Trench Digger;набор одежды;необычный;Chuckles_outfit_006.png;18.09.2018;
70;Охотник;The Trapper;набор одежды;обычный;S01_outfit_01.png;12.06.2018;
71;Охотник;Bloody Trapper;набор одежды;редкий;S01_outfit_01_P01.png;12.06.2018;
269;Охотница;The Huntress;набор одежды;обычный;BE_outfit_01.png;12.06.2018;
270;Охотница;Bloody Huntress;набор одежды;редкий;BE_outfit_01_P01.png;12.06.2018;
272;Охотница;Curious Kill;набор одежды;очень редкий;BE_outfit_026.png;12.12.2024;
280;Охотница;Fur-Trimmed;набор одежды;необычный;Bear_outfit_004.png;18.09.2018;
281;Охотница;Orenburg;набор одежды;необычный;Bear_outfit_005.png;18.09.2018;
283;Охотница;Brave Beast;набор одежды;очень редкий;Bear_outfit_008.png;30.01.2019;
536;Палач;The Executioner;набор одежды;обычный;K20_outfit_01.png;12.06.2018;
537;Палач;Bloody Executioner;набор одежды;редкий;K20_outfit_01_P01.png;12.06.2018;
845;Первый;The First;набор одежды;обычный;K42_outfit_01.png;12.06.2018;
846;Первый;Bloody First;набор одежды;редкий;K42_outfit_01_P01.png;12.06.2018;
10093;Первый;One;скин персонажа;легендарный;CC093_charSelect_portrait.png;;
189;Правосудие;The Judgment;набор одежды;обычный;;12.06.2018;
190;Правосудие;Bloody Judgment;набор одежды;редкий;;12.06.2018;
191;Правосудие;Avatar of the Rising Sun;набор одежды;обычный;;25.08.2026;
192;Правосудие;Avatar of the Brightest Day;набор одежды;обычный;;25.08.2026;
193;Правосудие;Avatar of the Vivid Fields;набор одежды;обычный;;25.08.2026;
194;Правосудие;Avatar of the Cloudless Sky;набор одежды;обычный;;25.08.2026;
195;Правосудие;Prayer for Clemency;набор одежды;необычный;;25.08.2026;
196;Правосудие;Prayer for Respite;набор одежды;необычный;;25.08.2026;
197;Правосудие;Prayer for Reprieve;набор одежды;необычный;;25.08.2026;
2066;Правосудие;Vanguard of the Creators;набор одежды;очень редкий;K44_outfit_006.png;25.08.2026;
2067;Правосудие;Cruel Messenger;набор одежды;редкий;K44_outfit_002.png;25.08.2026;
2068;Правосудие;Merciless Messenger;набор одежды;редкий;K44_outfit_002_01.png;25.08.2026;
87;Призрак;Masquerade Phantom;набор одежды;очень редкий;TW_outfit_023.png;25.06.2026;
92;Призрак;The Wraith;набор одежды;обычный;Wraith_outfit_01.png;12.06.2018;
96;Призрак;Bad Omen;набор одежды;обычный;Bob_outfit_003.png;12.06.2018;
97;Призрак;Bad Omen;набор одежды;обычный;Bob_outfit_004.png;12.06.2018;
98;Призрак;Bad Omen;набор одежды;обычный;Bob_outfit_005.png;12.06.2018;
99;Призрак;Bad Omen;набор одежды;обычный;Bob_outfit_006.png;12.06.2018;
100;Призрак;Bad Omen;набор одежды;обычный;Bob_outfit_007.png;12.06.2018;
101;Призрак;Death Blow;набор одежды;необычный;Bob_outfit_008.png;18.09.2018;
102;Призрак;Death Trap;набор одежды;необычный;Bob_outfit_009.png;18.09.2018;
117;Призрак;Forsaken Stag;набор одежды;очень редкий;TW_outfit_019.png;17.12.2024;
119;Призрак;Bad Omen (5th Anniversary);набор одежды;необычный;TW_outfit_01_04.png;30.06.2021;
1765;Ребекка Чемберс;Bloody Rebecca Chambers;набор одежды;редкий;S33_outfit_01_P01.png;12.06.2018;
9;Ренато Лира;Queen's Ball Attire;набор одежды;очень редкий;S36_outfit_025.png;28.04.2026;
1832;Ренато Лира;Beach Bat;набор одежды;очень редкий;S36_outfit_024.png;14.10.2025;
1834;Ренато Лира;Renato Lyra;набор одежды;обычный;S36_outfit_01.png;12.06.2018;
1835;Ренато Лира;Bloody Renato Lyra;набор одежды;редкий;S36_outfit_01_P01.png;12.06.2018;
1848;Ренато Лира;Puzzle Solver;набор одежды;обычный;S36_outfit_01_CV01.png;07.03.2023;
1849;Ренато Лира;Puzzle Tactician;набор одежды;обычный;S36_outfit_01_CV02.png;07.03.2023;
1850;Ренато Лира;Puzzle Expert;набор одежды;обычный;S36_outfit_01_CV03.png;07.03.2023;
1851;Ренато Лира;Puzzle Maker;набор одежды;обычный;S36_outfit_01_CV04.png;07.03.2023;
10083;Ренато Лира;Hideyoshi Nagachika;скин персонажа;очень редкий;;;
2009;Рик Граймс;Rick Grimes;набор одежды;обычный;S47_outfit_01.png;12.06.2018;
2010;Рик Граймс;Bloody Rick Grimes;набор одежды;редкий;S47_outfit_01_P01.png;12.06.2018;
10110;Рик Граймс;Negan Smith;скин персонажа;легендарный;;;
696;Рыцарь;Red Knight;набор одежды;очень редкий;K30_outfit_012.png;07.04.2025;
705;Рыцарь;The Knight;набор одежды;обычный;K30_outfit_01.png;12.06.2018;
713;Рыцарь;Pale Behemoth;набор одежды;обычный;K30_outfit_01_CV01.png;22.11.2022;
714;Рыцарь;Sickening Behemoth;набор одежды;обычный;K30_outfit_01_CV02.png;22.11.2022;
715;Рыцарь;Furious Behemoth;набор одежды;обычный;K30_outfit_01_CV03.png;22.11.2022;
716;Рыцарь;Calculating Behemoth;набор одежды;обычный;K30_outfit_01_CV04.png;22.11.2022;
718;Рыцарь;Jack O'Lantern;набор одежды;очень редкий;K30_outfit_011.png;18.10.2023;
2069;Рыцарь;Blighted Knight;набор одежды;очень редкий;K30_outfit_022.png;01.10.2026;
10024;Рыцарь;Draugr;скин персонажа;крайне редкий;CC024_charSelect_portrait.png;;
10089;Рыцарь;Eredin Bréacc Glas;скин персонажа;очень редкий;;;
303;Свинья;Masquerade Piggy;набор одежды;очень редкий;FK_outfit_010.png;25.06.2026;
305;Свинья;The Pig;набор одежды;обычный;FK_outfit_01.png;12.06.2018;
306;Свинья;Bloody Pig;набор одежды;редкий;FK_outfit_01_P01.png;12.06.2018;
1905;Сейбл Уорд;Sable Ward;набор одежды;обычный;S41_outfit_01.png;12.06.2018;
1912;Сейбл Уорд;Rebel Grrrl;набор одежды;обычный;S41_outfit_01_CV01.png;12.03.2024;
1913;Сейбл Уорд;Rose-Tinted Grrrl;набор одежды;обычный;S41_outfit_01_CV02.png;12.03.2024;
1914;Сейбл Уорд;Midnight Grrrl;набор одежды;обычный;S41_outfit_01_CV03.png;12.03.2024;
1915;Сейбл Уорд;Forest Grrrl;набор одежды;обычный;S41_outfit_01_CV04.png;12.03.2024;
1922;Сейбл Уорд;Fiery Spider;набор одежды;очень редкий;S41_outfit_012.png;17.10.2024;
1927;Сейбл Уорд;Reflections In Red;набор одежды;очень редкий;S41_outfit_021.png;26.03.2026;
2082;Сейбл Уорд;Sister Shadow;набор одежды;очень редкий;S41_outfit_023.png;15.09.2026;
10087;Сейбл Уорд;Ciri;скин персонажа;очень редкий;CC087_charSelect_portrait.png;;
630;Сенобит;The Cenobite;набор одежды;обычный;K25_outfit_01.png;12.06.2018;
631;Сенобит;Bloody Cenobite;набор одежды;редкий;K25_outfit_01_P01.png;12.06.2018;
633;Сенобит;The Hell Priest;набор одежды;очень редкий;K25_outfit_006.png;07.09.2021;
745;Сингулярность;The Singularity;набор одежды;обычный;K32_outfit_01.png;12.06.2018;
753;Сингулярность;Alien Alloy;набор одежды;обычный;K32_outfit_01_CV01.png;13.06.2023;
754;Сингулярность;Metallurgy;набор одежды;обычный;K32_outfit_01_CV02.png;13.06.2023;
755;Сингулярность;Gold Standard;набор одежды;обычный;K32_outfit_01_CV03.png;13.06.2023;
756;Сингулярность;Precision Build;набор одежды;обычный;K32_outfit_01_CV04.png;13.06.2023;
851;Слэшер;The Slasher;набор одежды;обычный;K43_outfit_01.png;12.06.2018;
852;Слэшер;Bloody Slasher;набор одежды;редкий;K43_outfit_01_P01.png;12.06.2018;
2073;Слэшер;Blighted Slasher;набор одежды;очень редкий;K43_outfit_008.png;01.10.2026;
1436;Стив Харрингтон;Steve Harrington;набор одежды;обычный;QM_outfit_01.png;12.06.2018;
1437;Стив Харрингтон;Bloody Steve Harrington;набор одежды;редкий;QM_outfit_01_P01.png;12.06.2018;
10070;Стив Харрингтон;Robin Buckley;скин персонажа;легендарный;CC070_charSelect_portrait.png;;
508;Стрелок;Frontier Nightmare;набор одежды;очень редкий;UK_outfit_020.png;26.03.2026;
510;Стрелок;The Deathslinger;набор одежды;обычный;UkraineKiller_outfit_01.png;12.06.2018;
511;Стрелок;Bloody Deathslinger;набор одежды;редкий;UK_outfit_01_P01.png;12.06.2018;
512;Стрелок;Merciless;набор одежды;обычный;UK_outfit_01_CV01.png;10.03.2020;
513;Стрелок;Lawless;набор одежды;обычный;UK_outfit_01_CV02.png;10.03.2020;
514;Стрелок;Godless;набор одежды;обычный;UK_outfit_01_CV03.png;10.03.2020;
515;Стрелок;Heartless;набор одежды;обычный;UK_outfit_01_CV04.png;10.03.2020;
523;Стрелок;Bounty Hunter (4th Anniversary);набор одежды;необычный;UK_outfit_01_04.png;12.06.2018;
531;Стрелок;Stranger Eddie;набор одежды;легендарный;UK_outfit_015.png;22.02.2024;
10031;Стрелок;Stranger Eddie;скин персонажа;легендарный;CC031_charSelect_portrait.png;;
1806;Талита Лира;Friendly Halloween;набор одежды;очень редкий;S35_outfit_024.png;14.10.2025;
1808;Талита Лира;Thalita Lyra;набор одежды;обычный;S35_outfit_01.png;12.06.2018;
1809;Талита Лира;Bloody Thalita Lyra;набор одежды;редкий;S35_outfit_01_P01.png;12.06.2018;
1821;Талита Лира;Famous Competitor;набор одежды;обычный;S35_outfit_01_CV01.png;07.03.2023;
1822;Талита Лира;Famous Vlogger;набор одежды;обычный;S35_outfit_01_CV02.png;07.03.2023;
1823;Талита Лира;Famous Modeller;набор одежды;обычный;S35_outfit_01_CV03.png;07.03.2023;
1824;Талита Лира;Famous Entrepreneur;набор одежды;обычный;S35_outfit_01_CV04.png;07.03.2023;
10097;Талита Лира;Sasha Braus;скин персонажа;очень редкий;CC097_charSelect_portrait.png;;
230;Тень;The Shape;набор одежды;обычный;MM_outfit_01.png;12.06.2018;
231;Тень;Bloody Shape;набор одежды;редкий;MM_outfit_01_P01.png;12.06.2018;
232;Тень;Escaped Patient;набор одежды;очень редкий;MM_outfit_02.png;30.10.2019;
719;Торговка черепами;Scarlet Vengeance;набор одежды;очень редкий;K31_outfit_012.png;18.03.2024;
724;Торговка черепами;Dia das Bruxas;набор одежды;очень редкий;K31_outfit_018.png;14.10.2025;
725;Торговка черепами;The Skull Merchant;набор одежды;обычный;K31_outfit_01.png;12.06.2018;
736;Торговка черепами;Bloodthirsty Executive;набор одежды;обычный;K31_outfit_01_CV01.png;07.03.2023;
737;Торговка черепами;Sadistic Executive;набор одежды;обычный;K31_outfit_01_CV02.png;07.03.2023;
738;Торговка черепами;Relentless Executive;набор одежды;обычный;K31_outfit_01_CV03.png;07.03.2023;
739;Торговка черепами;Malevolent Executive;набор одежды;обычный;K31_outfit_01_CV04.png;07.03.2023;
1961;Тори Кейн;Ceremony of Blood;набор одежды;очень редкий;S45_outfit_011.png;07.04.2025;
1967;Тори Кейн;Taurie Cain;набор одежды;обычный;S45_outfit_01.png;12.06.2018;
1968;Тори Кейн;Bloody Taurie Cain;набор одежды;редкий;S45_outfit_01_P01.png;12.06.2018;
1969;Тори Кейн;Cultist Thug;набор одежды;обычный;S45_outfit_01_CV01.png;28.11.2024;
1970;Тори Кейн;Cultist Punk;набор одежды;обычный;S45_outfit_01_CV02.png;28.11.2024;
1971;Тори Кейн;Cultist Rage;набор одежды;обычный;S45_outfit_01_CV03.png;28.11.2024;
1972;Тори Кейн;Cultist Rebel;набор одежды;обычный;S45_outfit_01_CV04.png;28.11.2024;
10071;Тревор Бельмонт;Leon Belmont;скин персонажа;очень редкий;;;
10072;Тревор Бельмонт;Simon Belmont;скин персонажа;очень редкий;;;
590;Трюкач;The Trickster;набор одежды;обычный;K23_outfit_01.png;12.06.2018;
595;Трюкач;Danse Macabre Star;набор одежды;очень редкий;K23_outfit_025.png;14.10.2025;
604;Трюкач;Cut Thru U Performance;набор одежды;очень редкий;K23_outfit_006.png;30.03.2021;
606;Трюкач;Pressured Performer;набор одежды;очень редкий;K23_outfit_007.png;01.07.2021;
617;Трюкач;False Silver Lining Performance;набор одежды;необычный;K23_outfit_01_01.png;30.03.2021;
618;Трюкач;On Target Performance;набор одежды;необычный;K23_outfit_01_02.png;30.03.2021;
619;Трюкач;Forgive Me Not Performance;набор одежды;необычный;K23_outfit_01_03.png;30.03.2021;
620;Трюкач;Smash & Run Style;набор одежды;обычный;K23_outfit_01_CV01.png;30.03.2021;
621;Трюкач;Fatal Free Fall Style;набор одежды;обычный;K23_outfit_01_CV02.png;30.03.2021;
622;Трюкач;One Caged Heart Style;набор одежды;обычный;K23_outfit_01_CV03.png;30.03.2021;
623;Трюкач;Whispers of Warmth Style;набор одежды;обычный;K23_outfit_01_CV04.png;30.03.2021;
624;Трюкач;Ripper Night Costume;набор одежды;редкий;K23_outfit_02.png;30.03.2021;
625;Трюкач;I'll Be Waiting for You Costume;набор одежды;редкий;K23_outfit_02_01.png;30.03.2021;
10078;Трюкач;Souichi Tsujii;скин персонажа;очень редкий;;;
798;Тёмный властелин;Scorched Terror;набор одежды;очень редкий;K37_outfit_009.png;06.11.2025;
799;Тёмный властелин;The Dark Lord;набор одежды;обычный;K37_outfit_01.png;12.06.2018;
800;Тёмный властелин;Bloody Dark Lord;набор одежды;редкий;K37_outfit_01_P01.png;12.06.2018;
801;Тёмный властелин;Chronicle of Terror;набор одежды;очень редкий;K37_outfit_006.png;27.08.2024;
802;Тёмный властелин;Darkness Reigns;набор одежды;очень редкий;K37_outfit_007.png;27.08.2024;
803;Тёмный властелин;True Form;набор одежды;висцеральный;K37_outfit_008.png;26.08.2025;
804;Тёмный властелин;True Form (Deep Rift);набор одежды;висцеральный;K37_outfit_008_01.png;12.06.2018;
10055;Тёмный властелин;True Form;скин персонажа;легендарный;CC055_charSelect_portrait.png;;
1161;Уильям Овербек;Masquerade Veteran;набор одежды;очень редкий;BO_outfit_008.png;25.06.2026;
1162;Уильям Овербек;Bill Overbeck;набор одежды;обычный;BO_outfit_01.png;12.06.2018;
1163;Уильям Овербек;Bloody Bill Overbeck;набор одежды;редкий;BO_outfit_01_P01.png;12.06.2018;
1546;Феликс Рихтер;Inferno Core;набор одежды;очень редкий;S23_outfit_034.png;14.10.2025;
1547;Феликс Рихтер;Felix Richter;набор одежды;обычный;S23_outfit_01.png;12.06.2018;
1548;Феликс Рихтер;Bloody Felix Richter;набор одежды;редкий;S23_outfit_01_P01.png;12.06.2018;
1561;Феликс Рихтер;Dashing Visionary;набор одежды;необычный;S23_outfit_01_02.png;08.09.2020;
1562;Феликс Рихтер;Gifted Visionary;набор одежды;необычный;S23_outfit_01_03.png;08.09.2020;
1563;Феликс Рихтер;Brilliant Visionary;набор одежды;необычный;S23_outfit_01_04.png;08.09.2020;
1564;Феликс Рихтер;Celebrated Architect;набор одежды;обычный;S23_outfit_01_CV01.png;08.09.2020;
1565;Феликс Рихтер;Prized Architect;набор одежды;обычный;S23_outfit_01_CV02.png;08.09.2020;
1566;Феликс Рихтер;Famed Architect;набор одежды;обычный;S23_outfit_01_CV03.png;08.09.2020;
1567;Феликс Рихтер;Acclaimed Architect;набор одежды;обычный;S23_outfit_01_CV04.png;08.09.2020;
10036;Феликс Рихтер;Blitz;скин персонажа;очень редкий;CC036_charSelect_portrait.png;;
10039;Феликс Рихтер;Armin Arlert;скин персонажа;очень редкий;CC039_charSelect_portrait.png;;
10075;Феликс Рихтер;Jonathan Morris;скин персонажа;очень редкий;;;
13;Фенг Мин;Heart of Freedom;набор одежды;очень редкий;FM_outfit_043.png;28.04.2026;
1167;Фенг Мин;Feng Min;набор одежды;обычный;FM_outfit_01.png;12.06.2018;
1192;Фенг Мин;Shining Lion;набор одежды;обычный;Feng_outfit_010.png;12.06.2018;
1193;Фенг Мин;Shining Lion;набор одежды;обычный;Feng_outfit_011.png;12.06.2018;
1194;Фенг Мин;Shining Lion;набор одежды;обычный;Feng_outfit_012.png;12.06.2018;
1195;Фенг Мин;Shining Lion;набор одежды;обычный;Feng_outfit_013.png;12.06.2018;
1196;Фенг Мин;Shining Lion;набор одежды;обычный;Feng_outfit_014.png;12.06.2018;
1197;Фенг Мин;Spring Festival;набор одежды;очень редкий;Feng_outfit_007_01.png;30.01.2019;
1208;Фенг Мин;Nexus Ranger (Supernova);набор одежды;редкий;FM_outfit_016_01.png;12.06.2018;
1220;Фенг Мин;Masquerade Player;набор одежды;очень редкий;FM_outfit_025.png;25.06.2026;
1224;Фенг Мин;Cosplay Stream;набор одежды;очень редкий;FM_outfit_028.png;18.10.2023;
1706;Хонас Васкес;Jonah Vasquez;набор одежды;обычный;S29_outfit_01.png;12.06.2018;
1707;Хонас Васкес;Bloody Jonah Vasquez;набор одежды;редкий;S29_outfit_01_P01.png;12.06.2018;
1719;Хонас Васкес;Brilliant Look;набор одежды;обычный;S29_outfit_01_CV01.png;30.11.2021;
1720;Хонас Васкес;Clever Style;набор одежды;обычный;S29_outfit_01_CV02.png;30.11.2021;
1721;Хонас Васкес;Smart Look;набор одежды;обычный;S29_outfit_01_CV03.png;30.11.2021;
1722;Хонас Васкес;Classic Style;набор одежды;обычный;S29_outfit_01_CV04.png;30.11.2021;
1725;Хонас Васкес;Needed Break;набор одежды;очень редкий;S29_outfit_008_01.png;12.06.2018;
767;Хороший парень;Charred Chucky;набор одежды;очень редкий;K34_outfit_009.png;03.09.2024;
768;Хороший парень;Blighted Good Guy;набор одежды;очень редкий;K34_outfit_010.png;08.10.2024;
769;Хороший парень;Birthday Doll;набор одежды;очень редкий;K34_outfit_011.png;19.08.2025;
770;Хороший парень;Bloody Christmas;набор одежды;очень редкий;K34_outfit_012.png;09.12.2025;
771;Хороший парень;The Good Guy;набор одежды;обычный;K34_outfit_01.png;12.06.2018;
772;Хороший парень;Bloody Good Guy;набор одежды;редкий;K34_outfit_01_P01.png;12.06.2018;
773;Хороший парень;Back From The Dead Chucky;набор одежды;очень редкий;K34_outfit_006.png;28.11.2023;
774;Хороший парень;The Good Gal;набор одежды;легендарный;K34_outfit_007.png;28.11.2023;
10029;Хороший парень;Good Gal;скин персонажа;легендарный;CC029_charSelect_portrait.png;;
638;Художница;Painted Red;набор одежды;очень редкий;K26_outfit_019.png;07.04.2025;
641;Художница;The Artist;набор одежды;обычный;K26_outfit_01.png;12.06.2018;
648;Художница;Marvelled Psyche;набор одежды;необычный;K26_outfit_01_01.png;30.11.2021;
649;Художница;Lunar Memory;набор одежды;редкий;K26_outfit_01_02.png;12.02.2024;
650;Художница;Subliminal Truth;набор одежды;необычный;K26_outfit_01_03.png;30.11.2021;
651;Художница;Indelible Stain;набор одежды;необычный;K26_outfit_01_04.png;12.06.2018;
652;Художница;Altered Perception;набор одежды;редкий;K26_outfit_02.png;30.11.2021;
653;Художница;Deluded Perception;набор одежды;редкий;K26_outfit_02_01.png;30.11.2021;
10022;Художница;Jabberwock;скин персонажа;крайне редкий;CC022_charSelect_portrait.png;;
12;Хэдди Каур;Queen's Ball Attire;набор одежды;очень редкий;S31_outfit_025.png;28.04.2026;
1739;Хэдди Каур;Haddie Kaur;набор одежды;обычный;S31_outfit_01.png;12.06.2018;
1740;Хэдди Каур;Bloody Haddie Kaur;набор одежды;редкий;S31_outfit_01_P01.png;12.06.2018;
1742;Хэдди Каур;Masquerade Outfit;набор одежды;очень редкий;S31_outfit_007.png;25.06.2026;
1747;Хэдди Каур;Silent Breach;набор одежды;очень редкий;S31_outfit_013.png;18.10.2023;
1752;Хэдди Каур;Daring Ensemble;набор одежды;обычный;S31_outfit_01_CV01.png;07.06.2022;
1753;Хэдди Каур;Driven Ensemble;набор одежды;обычный;S31_outfit_01_CV02.png;07.06.2022;
1754;Хэдди Каур;Inquisitive Ensemble;набор одежды;обычный;S31_outfit_01_CV03.png;07.06.2022;
1755;Хэдди Каур;Spirited Ensemble;набор одежды;обычный;S31_outfit_01_CV04.png;07.06.2022;
422;Чума;Forsaken Land;набор одежды;очень редкий;MK_outfit_017.png;17.10.2024;
429;Чума;The Plague;набор одежды;обычный;MK_outfit_01.png;12.06.2018;
2053;Шейн Уиигваас;Ride On;набор одежды;обычный;S53_outfit_01_CV01.png;25.06.2026;
2054;Шейн Уиигваас;Ride Out;набор одежды;обычный;S53_outfit_01_CV02.png;25.06.2026;
2055;Шейн Уиигваас;Ride Through;набор одежды;обычный;S53_outfit_01_CV03.png;25.06.2026;
2056;Шейн Уиигваас;Ride Away;набор одежды;обычный;S53_outfit_01_CV04.png;25.06.2026;
2064;Шейн Уиигваас;Shane Wiigwaas;набор одежды;обычный;S53_outfit_01.png;12.06.2018;
2065;Шейн Уиигваас;Bloody Shane Wiigwaas;набор одежды;редкий;S53_outfit_01_P01.png;12.06.2018;
2084;Шейн Уиигваас;Case Study;набор одежды;очень редкий;S53_outfit_007.png;22.09.2026;
1528;Шерил Мейсон;Bloody Cheryl;набор одежды;редкий;S22_outfit_01_P01.png;12.06.2018;
10104;Шерил Мейсон;Shimizu Hinako;скин персонажа;легендарный;CC104_charSelect_portrait.png;;
1117;Эйс Висконти;Gambler's Rush;набор одежды;очень редкий;AV_outfit_022.png;18.03.2024;
1141;Эйс Висконти;Seasoned Gambler;набор одежды;очень редкий;Ace_outfit_007_01.png;30.01.2019;
1143;Эйс Висконти;Ace Visconti;набор одежды;обычный;AV_outfit_01.png;12.06.2018;
1144;Эйс Висконти;Bloody Ace Visconti;набор одежды;редкий;AV_outfit_01_P01.png;12.06.2018;
1148;Эйс Висконти;Hotel Deceit;набор одежды;необычный;AV_outfit02_03.png;11.11.2021;
10043;Эйс Висконти;Kenny Ackerman;скин персонажа;очень редкий;CC043_charSelect_portrait.png;;
1894;Эллен Рипли;Bloody Ellen Ripley;набор одежды;редкий;S39_outfit_01_P01.png;12.06.2018;
14;Элоди Ракото;Heart of Freedom;набор одежды;очень редкий;S24_outfit_028.png;28.04.2026;
1576;Элоди Ракото;Catacomb Exploration;набор одежды;очень редкий;S24_outfit_021.png;18.03.2024;
1577;Элоди Ракото;Elodie Rakoto;набор одежды;обычный;S24_outfit_01.png;12.06.2018;
1578;Элоди Ракото;Bloody Elodie Rakoto;набор одежды;редкий;S24_outfit_01_P01.png;12.06.2018;
1603;Элоди Ракото;The Occult Seeker;набор одежды;обычный;S24_outfit_01_CV01.png;01.12.2020;
1604;Элоди Ракото;The Kin Seeker;набор одежды;обычный;S24_outfit_01_CV02.png;01.12.2020;
1605;Элоди Ракото;The Relic Seeker;набор одежды;обычный;S24_outfit_01_CV03.png;01.12.2020;
1606;Элоди Ракото;The Mystery Seeker;набор одежды;обычный;S24_outfit_01_CV04.png;01.12.2020;
1429;Эшли Уильямс;Ash Williams;набор одежды;обычный;ML_outfit_01.png;12.06.2018;
1430;Эшли Уильямс;Bloody Ash Williams;набор одежды;редкий;ML_outfit_01_P01.png;12.06.2018;
1431;Эшли Уильямс;Working For The Weekend;набор одежды;очень редкий;ML_outfit_02.png;02.04.2019;
1432;Эшли Уильямс;Water Trash;набор одежды;очень редкий;ML_outfit_006.png;02.04.2019;
1433;Эшли Уильямс;FINALE;набор одежды;очень редкий;ML_outfit_008.png;02.10.2019;
1434;Эшли Уильямс;Ashy Slashy;набор одежды;вознесённый;ML_outfit_007.png;19.06.2024;
1435;Эшли Уильямс;Ashy Slashy (Deep Rift);набор одежды;вознесённый;ML_outfit_007_01.png;12.06.2018;
1460;Юи Кимура;Yui Kimura;набор одежды;обычный;SwedenSurvivor_outfit_01.png;12.06.2018;
1461;Юи Кимура;Bloody Yui Kimura;набор одежды;редкий;SwedenSurvivor_outfit_01_P01.png;12.06.2018;
10045;Юи Кимура;Mikasa Ackerman;скин персонажа;очень редкий;CC045_charSelect_portrait.png;;
10076;Юи Кимура;Shanoa;скин персонажа;очень редкий;;;
10082;Юи Кимура;Tsukiko Izumisawa;скин персонажа;очень редкий;;;
10085;Юи Кимура;Touka Kirishima;скин персонажа;очень редкий;;;
10091;Юи Кимура;Kaoru;скин персонажа;очень редкий;;;
